header,category,location,title,description,website_url,image_name,youtube_url
우리 서울의,UN유치,,"경제효과 10조원, 서울시 GRDP 2% 성장",,https://www.seoul2030.com/18/?q=YToxOntzOjEyOiJrZXl3b3JkX3R5cGUiO3M6MzoiYWxsIjt9&bmode=view&idx=11197554&t=board,https://cdn.imweb.me/upload/S20220415d5c33043bf3ef/66df40fdc2895.jpeg,https://www.youtube.com/shorts/LKWgtVw2XKg
우리 서울의,UN유치,,6조원 소비지출 효과 발생,,https://www.seoul2030.com/18/?q=YToxOntzOjEyOiJrZXl3b3JkX3R5cGUiO3M6MzoiYWxsIjt9&bmode=view&idx=11197554&t=board,https://cdn.imweb.me/upload/S20220415d5c33043bf3ef/66df40fdc2895.jpeg,https://www.youtube.com/shorts/LKWgtVw2XKg
우리 서울의,UN유치,,국제공무원 2만명 상주,,https://www.seoul2030.com/18/?q=YToxOntzOjEyOiJrZXl3b3JkX3R5cGUiO3M6MzoiYWxsIjt9&bmode=view&idx=11197554&t=board,https://cdn.imweb.me/upload/S20220415d5c33043bf3ef/66df40fdc2895.jpeg,https://www.youtube.com/shorts/LKWgtVw2XKg
우리 서울의,UN유치,,"서울 관광, 컨벤션 MICE산업 활성화",,https://www.seoul2030.com/18/?q=YToxOntzOjEyOiJrZXl3b3JkX3R5cGUiO3M6MzoiYWxsIjt9&bmode=view&idx=11197554&t=board,https://cdn.imweb.me/upload/S20220415d5c33043bf3ef/66df40fdc2895.jpeg,https://www.youtube.com/shorts/LKWgtVw2XKg
우리 서울의,UN유치,,여의도-용산 혁심금융특구,,https://www.seoul2030.com/18/?q=YToxOntzOjEyOiJrZXl3b3JkX3R5cGUiO3M6MzoiYWxsIjt9&bmode=view&idx=11197554&t=board,https://cdn.imweb.me/upload/S20220415d5c33043bf3ef/66df40fdc2895.jpeg,https://www.youtube.com/shorts/LKWgtVw2XKg
우리 서울의,UN유치,,평화와 안전이 가득한 국제도시화,,https://www.seoul2030.com/18/?q=YToxOntzOjEyOiJrZXl3b3JkX3R5cGUiO3M6MzoiYWxsIjt9&bmode=view&idx=11197554&t=board,https://cdn.imweb.me/upload/S20220415d5c33043bf3ef/66df40fdc2895.jpeg,https://www.youtube.com/shorts/LKWgtVw2XKg
우리 서울의,민생회복,,"추경편성, 소상공인 자영업자들의 빠른 회복 지원",서울사랑상품권 2배 확대(약2조원)<br />재도전은행 설립<br />부실채권 5조원 소각,https://www.seoul2030.com/18/?q=YToxOntzOjEyOiJrZXl3b3JkX3R5cGUiO3M6MzoiYWxsIjt9&bmode=view&idx=11509326&t=board,https://cdn.imweb.me/upload/S20220415d5c33043bf3ef/a42351bfe7c36.jpg,https://youtu.be/CWJ5cyynmRE
우리 서울의,민생회복,,중소기업이 기운 나는 서울,서울시 납품단가 연동제 즉시 적용<br />서울시 중소기업제품 구매 대폭 확대<br />중소기업 안전한 일터 구축 적극 지원,https://www.seoul2030.com/18/?q=YToxOntzOjEyOiJrZXl3b3JkX3R5cGUiO3M6MzoiYWxsIjt9&bmode=view&idx=11509326&t=board,https://cdn.imweb.me/upload/S20220415d5c33043bf3ef/bfc274f10a134.jpg,https://youtu.be/kR3c3kONwgQ
우리 서울의,민생회복,,택시대란 문제 해결,택시기사 긴급충원<br />목적지 손님 골라태우기 문제해결<br />심야버스 개선<br />공공형 택시 도입,https://www.seoul2030.com/18/?q=YToxOntzOjEyOiJrZXl3b3JkX3R5cGUiO3M6MzoiYWxsIjt9&bmode=view&idx=11509326&t=board,https://cdn.imweb.me/upload/S20220415d5c33043bf3ef/96e266953d1fd.jpg,
우리 서울의,GTX,강남구,GTX-E 강남구-서초구 경유,,https://www.seoul2030.com/59,https://cdn.imweb.me/thumbnail/20220510/1077e01fcf450.png,
우리 서울의,GTX,강남구,GTX-D 김포-강남-강동-하남 연장,,https://www.seoul2030.com/59,https://cdn.imweb.me/thumbnail/20220510/1077e01fcf450.png,
우리 서울의,GTX,강동구,GTX-D 김포-강남-강동-하남 연장,,https://www.seoul2030.com/61,https://cdn.imweb.me/thumbnail/20220510/2e6738c423b2d.png,
우리 서울의,GTX,서초구,GTX-E 강남구-서초구 경유,,https://www.seoul2030.com/58,https://cdn.imweb.me/thumbnail/20220510/cc3942875412f.png,
우리 서울의,GTX,서초구,GTX-D 김포-강남-강동-하남 연장,,https://www.seoul2030.com/58,https://cdn.imweb.me/thumbnail/20220510/cc3942875412f.png,
우리 서울의,GTX,성동구,GTX-C 왕십리역 신설,,https://www.seoul2030.com/47,https://cdn.imweb.me/thumbnail/20220510/455b8f18bc0c9.jpg,
우리 서울의,GTX,송파구,GTX-D 김포-강남-강동-하남 연장,,https://www.seoul2030.com/60,https://cdn.imweb.me/thumbnail/20220510/0b5635425136d.jpg,
우리 서울의,GTX,송파구,GTX-F (파주-여주) 송파구 경유 추진,,https://www.seoul2030.com/60,https://cdn.imweb.me/thumbnail/20220510/0b5635425136d.jpg,
우리 서울의,GTX,중랑구,GTX-B 망우-청량리 조기착공,,https://www.seoul2030.com/40,https://cdn.imweb.me/thumbnail/20220510/9193438e2fee8.jpg,
우리 서울의,철도,강남구,위례신사선 청담사거리역 신설,,https://www.seoul2030.com/59,https://cdn.imweb.me/thumbnail/20220510/1077e01fcf450.png,
우리 서울의,철도,강남구,위례과천선 조기 착공,,https://www.seoul2030.com/59,https://cdn.imweb.me/thumbnail/20220510/1077e01fcf450.png,
우리 서울의,철도,강서구,서부광역철도(대장-홍대선) 추진,,https://www.seoul2030.com/51,https://cdn.imweb.me/thumbnail/20220510/26e6c4a423df8.png,
우리 서울의,철도,강서구,강북횡단선 (목동-등촌-청량리) 추진,,https://www.seoul2030.com/51,https://cdn.imweb.me/thumbnail/20220510/26e6c4a423df8.png,
우리 서울의,철도,관악구,서부선 및 난곡선 조기개통,,https://www.seoul2030.com/57,https://cdn.imweb.me/thumbnail/20220510/1ba04dd87d79d.jpg,
우리 서울의,철도,금천구,난곡선 금천구청역 연결추진,,https://www.seoul2030.com/55,https://cdn.imweb.me/thumbnail/20220510/2ad4615d7665f.jpg,
우리 서울의,철도,도봉구,우이-방학 경전철의 조속 완공,,https://www.seoul2030.com/21,https://cdn.imweb.me/thumbnail/20220510/91d753322e38d.png,
우리 서울의,철도,동대문구,SRT 청량리역 연장 검토,,https://www.seoul2030.com/41,https://cdn.imweb.me/thumbnail/20220510/88e41b447b5a3.png,
우리 서울의,철도,마포구,서부광역철도(대장-홍대선) 추진,,https://www.seoul2030.com/49,https://cdn.imweb.me/thumbnail/20220510/7617a8550dde5.png,
우리 서울의,철도,서대문구,서부경전철 조속추진,,https://www.seoul2030.com/45,https://cdn.imweb.me/thumbnail/20220510/7358843583770.png,
우리 서울의,철도,성동구,동북선 경전철 완공,,https://www.seoul2030.com/47,https://cdn.imweb.me/thumbnail/20220510/455b8f18bc0c9.jpg,
우리 서울의,철도,송파구,위례선 트램 조기 완공,,https://www.seoul2030.com/60,https://cdn.imweb.me/thumbnail/20220510/0b5635425136d.jpg,
우리 서울의,철도,은평구,서부경전철 조속추진,,https://www.seoul2030.com/43,https://cdn.imweb.me/thumbnail/20220510/6c13b7fe72ef6.jpg,
우리 서울의,철도,중랑구,면목선(신내-면목-청량리역),,https://www.seoul2030.com/40,https://cdn.imweb.me/thumbnail/20220510/9193438e2fee8.jpg,
우리 서울의,지하철,강동구,9호선 연장 조기완공,,https://www.seoul2030.com/61,https://cdn.imweb.me/thumbnail/20220510/2e6738c423b2d.png,
우리 서울의,지하철,강동구,5호선 굽은다리역-둔촌동역 직결화,,https://www.seoul2030.com/61,https://cdn.imweb.me/thumbnail/20220510/2e6738c423b2d.png,
우리 서울의,지하철,관악구,"인천지하철 2호선 신림, 독산 연장",,https://www.seoul2030.com/57,https://cdn.imweb.me/thumbnail/20220510/1ba04dd87d79d.jpg,
우리 서울의,지하철,금천구,"인천지하철 2호선 신림, 독산 연장",,https://www.seoul2030.com/55,https://cdn.imweb.me/thumbnail/20220510/2ad4615d7665f.jpg,
우리 서울의,지하철,노원구,1호선 지하화 및 지상부지 개발,,https://www.seoul2030.com/22,https://cdn.imweb.me/thumbnail/20220510/861d9eada227b.png,
우리 서울의,지하철,노원구,4호선 지하화 및 지상부지 개발,,https://www.seoul2030.com/22,https://cdn.imweb.me/thumbnail/20220510/861d9eada227b.png,
우리 서울의,지하철,도봉구,"4호선 급행화 추진 (창동역, 의정부역)",,https://www.seoul2030.com/21,https://cdn.imweb.me/thumbnail/20220510/91d753322e38d.png,
우리 서울의,지하철,동대문구,분당선 열차 운행 확대(청량리-왕십리),,https://www.seoul2030.com/41,https://cdn.imweb.me/thumbnail/20220510/88e41b447b5a3.png,
우리 서울의,지하철,동작구,신안산선 조기완공 및 대림삼거리역 출입구 추가,,https://www.seoul2030.com/56,https://cdn.imweb.me/thumbnail/20220510/0f5fc2d122915.png,
우리 서울의,지하철,마포구,신안산선 2단계 노선에 만리재역 추가신설,,https://www.seoul2030.com/49,https://cdn.imweb.me/thumbnail/20220510/7617a8550dde5.png,
우리 서울의,지하철,마포구,강북횡단선 상암랜드마크역 신설 검토,,https://www.seoul2030.com/49,https://cdn.imweb.me/thumbnail/20220510/7617a8550dde5.png,
우리 서울의,지하철,서대문구,강북횡단선 조기착공 (명지대-홍제동 경유),,https://www.seoul2030.com/45,https://cdn.imweb.me/thumbnail/20220510/7358843583770.png,
우리 서울의,지하철,성북구,강북횡단선 정릉성당역 신설,,https://www.seoul2030.com/42,https://cdn.imweb.me/thumbnail/20220510/62915f73d6e8b.jpg,
우리 서울의,지하철,송파구,위례신사선 추진 (위례-삼성-신사),,https://www.seoul2030.com/60,https://cdn.imweb.me/thumbnail/20220510/0b5635425136d.jpg,
우리 서울의,지하철,양천구,신정차량기지 이전 및 신정지선 복선화,,https://www.seoul2030.com/52,https://cdn.imweb.me/thumbnail/20220510/4e1e45305113d.jpg,
우리 서울의,지하철,양천구,목동선 조기 추진,,https://www.seoul2030.com/52,https://cdn.imweb.me/thumbnail/20220510/4e1e45305113d.jpg,
우리 서울의,지하철,은평구,신분당선 은평뉴타운 거쳐 서북부연장,,https://www.seoul2030.com/43,https://cdn.imweb.me/thumbnail/20220510/6c13b7fe72ef6.jpg,
우리 서울의,지하철,은평구,고양-은평선 신사고개역 신설 검토,,https://www.seoul2030.com/43,https://cdn.imweb.me/thumbnail/20220510/6c13b7fe72ef6.jpg,
우리 서울의,지하철,종로구,신분당선 세검정 상명대역 신설검토,,https://www.seoul2030.com/44,https://cdn.imweb.me/thumbnail/20220510/dcf451f24c92a.jpg,
우리 서울의,지하철,강북구,신강북선 추진,,https://www.seoul2030.com/23,https://cdn.imweb.me/thumbnail/20220510/0b093ffb395f6.png,
우리 서울의,도로,은평구,제2통일로 은평새길 백련산로 도로 확장,,https://www.seoul2030.com/43,https://cdn.imweb.me/thumbnail/20220510/6c13b7fe72ef6.jpg,
더 나은 삶을 위한,지하화,강서구,서남물재생센터 지하화 및 공원화,,https://www.seoul2030.com/51,https://cdn.imweb.me/thumbnail/20220510/26e6c4a423df8.png,
더 나은 삶을 위한,지하화,구로구,1호선 지하화 및 지상부지 개발,,https://www.seoul2030.com/53,https://cdn.imweb.me/thumbnail/20220510/99cf7970d3326.jpg,
더 나은 삶을 위한,지하화,금천구,1호선 지하화 및 지상부지 개발,,https://www.seoul2030.com/55,https://cdn.imweb.me/thumbnail/20220510/2ad4615d7665f.jpg,
더 나은 삶을 위한,지하화,도봉구,GTX-C 도봉산-창동 지하화 추진,,https://www.seoul2030.com/21,https://cdn.imweb.me/thumbnail/20220510/91d753322e38d.png,
더 나은 삶을 위한,지하화,동대문구,이문고가차도 지하화,,https://www.seoul2030.com/41,https://cdn.imweb.me/thumbnail/20220510/88e41b447b5a3.png,
더 나은 삶을 위한,지하화,동대문구,동부간선도로 지하화 및 생태공원 조성,,https://www.seoul2030.com/41,https://cdn.imweb.me/thumbnail/20220510/88e41b447b5a3.png,
더 나은 삶을 위한,지하화,서대문구,경의중앙선 지하화 (서울역-수색구간),,https://www.seoul2030.com/45,https://cdn.imweb.me/thumbnail/20220510/7358843583770.png,
더 나은 삶을 위한,지하화,서초구,경부선(양재-한남) 지하화 및 공원조성,,https://www.seoul2030.com/58,https://cdn.imweb.me/thumbnail/20220510/cc3942875412f.png,
더 나은 삶을 위한,지하화,서초구,방배-양재동 전선지중화 및 침수피해방지,,https://www.seoul2030.com/58,https://cdn.imweb.me/thumbnail/20220510/cc3942875412f.png,
더 나은 삶을 위한,지하화,성동구,지하철 2호선 성동구 구간 지하화,,https://www.seoul2030.com/47,https://cdn.imweb.me/thumbnail/20220510/455b8f18bc0c9.jpg,
더 나은 삶을 위한,지하화,성동구,경의중앙선 지하화 (왕십리 노선),,https://www.seoul2030.com/47,https://cdn.imweb.me/thumbnail/20220510/455b8f18bc0c9.jpg,
더 나은 삶을 위한,지하화,성북구,청소차고지 지하화,,https://www.seoul2030.com/42,https://cdn.imweb.me/thumbnail/20220510/62915f73d6e8b.jpg,
더 나은 삶을 위한,지하화,영등포구,1호선 지하화 및 지상부지 개발,,https://www.seoul2030.com/54,https://cdn.imweb.me/thumbnail/20220510/f355d273ee367.jpg,
우리 서울의,재건축,강동구,재건축 규제완화,,https://www.seoul2030.com/61,https://cdn.imweb.me/thumbnail/20220510/2e6738c423b2d.png,
우리 서울의,재건축,양천구,노후 목동아파트 재건축,,https://www.seoul2030.com/52,https://cdn.imweb.me/thumbnail/20220510/4e1e45305113d.jpg,
우리 서울의,개발사업,강남구,개포 도시개발사업 성공 지원,,https://www.seoul2030.com/59,https://cdn.imweb.me/thumbnail/20220510/1077e01fcf450.png,
우리 서울의,개발사업,강동구,천호유수지 복합개발,,https://www.seoul2030.com/61,https://cdn.imweb.me/thumbnail/20220510/2e6738c423b2d.png,
우리 서울의,개발사업,강북구,번동 주공3단지 세대복합주거단지 조성,,https://www.seoul2030.com/23,https://cdn.imweb.me/thumbnail/20220510/0b093ffb395f6.png,
우리 서울의,개발사업,강북구,고도제한지역 저층고밀개발 등 환경개선,,https://www.seoul2030.com/23,https://cdn.imweb.me/thumbnail/20220510/0b093ffb395f6.png,
우리 서울의,개발사업,광진구,어린이대공원 일대 고도제한 완화,,https://www.seoul2030.com/48,https://cdn.imweb.me/thumbnail/20220510/e98dfcc48771d.jpg,
우리 서울의,개발사업,광진구,중곡동 일대 종상향,,https://www.seoul2030.com/48,https://cdn.imweb.me/thumbnail/20220510/e98dfcc48771d.jpg,
우리 서울의,개발사업,광진구,화양변전소부지 의료복합단지 개발검토,,https://www.seoul2030.com/48,https://cdn.imweb.me/thumbnail/20220510/e98dfcc48771d.jpg,
우리 서울의,개발사업,구로구,구로차량기지 이전 및 부지개발,,https://www.seoul2030.com/53,https://cdn.imweb.me/thumbnail/20220510/99cf7970d3326.jpg,
우리 서울의,개발사업,금천구,공군부대 조속 이전 추진 및 개발,,https://www.seoul2030.com/55,https://cdn.imweb.me/thumbnail/20220510/2ad4615d7665f.jpg,
우리 서울의,개발사업,노원구,공릉동 한전인재개발원 이전 추진,,https://www.seoul2030.com/22,https://cdn.imweb.me/thumbnail/20220510/861d9eada227b.png,
우리 서울의,개발사업,동대문구,신이문역사 복합개발 추진,,https://www.seoul2030.com/41,https://cdn.imweb.me/thumbnail/20220510/88e41b447b5a3.png,
우리 서울의,개발사업,동대문구,이문차량기지 및 연탄공장 이전 및 택지개발,,https://www.seoul2030.com/41,https://cdn.imweb.me/thumbnail/20220510/88e41b447b5a3.png,
우리 서울의,개발사업,동작구,노량진역사 현대화 및 종합개발,,https://www.seoul2030.com/56,https://cdn.imweb.me/thumbnail/20220510/0f5fc2d122915.png,
우리 서울의,개발사업,마포구,서강대역 복합역사 개발,,https://www.seoul2030.com/49,https://cdn.imweb.me/thumbnail/20220510/7617a8550dde5.png,
우리 서울의,개발사업,마포구,성산자동차학원 부지 개발,,https://www.seoul2030.com/49,https://cdn.imweb.me/thumbnail/20220510/7617a8550dde5.png,
우리 서울의,개발사업,서대문구,유진상가 및 홍은사거리 일대 개발,,https://www.seoul2030.com/45,https://cdn.imweb.me/thumbnail/20220510/7358843583770.png,
우리 서울의,개발사업,성동구,삼표레미콘공장 이전 및 서울숲 복합시설 건립,,https://www.seoul2030.com/47,https://cdn.imweb.me/thumbnail/20220510/455b8f18bc0c9.jpg,
우리 서울의,개발사업,영등포구,영등포역 고가도로 철거,,https://www.seoul2030.com/54,https://cdn.imweb.me/thumbnail/20220510/f355d273ee367.jpg,
우리 서울의,개발사업,영등포구,신길동 병무청부지 조속 이전,,https://www.seoul2030.com/54,https://cdn.imweb.me/thumbnail/20220510/f355d273ee367.jpg,
우리 서울의,개발사업,영등포구,남부도로사업소 부지 내 문화창업 공간조성,,https://www.seoul2030.com/54,https://cdn.imweb.me/thumbnail/20220510/f355d273ee367.jpg,
우리 서울의,개발사업,은평구,수색DMC역 역세권 개발 및 환승센터 건립,,https://www.seoul2030.com/43,https://cdn.imweb.me/thumbnail/20220510/6c13b7fe72ef6.jpg,
우리 서울의,개발사업,중랑구,신내차량기지 이전 및 테크노밸리 조성,,https://www.seoul2030.com/40,https://cdn.imweb.me/thumbnail/20220510/9193438e2fee8.jpg,
우리 서울의,재개발,관악구,"신림, 난곡 일대 재개발 신속 추진",,https://www.seoul2030.com/57,https://cdn.imweb.me/thumbnail/20220510/1ba04dd87d79d.jpg,
우리 서울의,재개발,구로구,"가리봉동, 구로2,4동, 신도림동 재개발",,https://www.seoul2030.com/53,https://cdn.imweb.me/thumbnail/20220510/99cf7970d3326.jpg,
나의,주택,,서울 주택공급41만호,집값의 10%로 내 집 마련하는 '누구나 집',https://www.seoul2030.com/18,https://cdn.imweb.me/upload/S20220415d5c33043bf3ef/463df00f9b53c.jpg,https://www.youtube.com/shorts/eYDG1ZmvcmQ
나의,주택,,"공급은 늘이고, 규제는 낮추고",,https://www.seoul2030.com/18/?q=YToxOntzOjEyOiJrZXl3b3JkX3R5cGUiO3M6MzoiYWxsIjt9&bmode=view&idx=11335135&t=board,https://cdn.imweb.me/upload/S20220415d5c33043bf3ef/85ba62ddbd983.jpg,https://youtu.be/2jCdGnaHX4U
나의,주택,,무주택자 주탁담보대출 LTV 확대,"무주택자 80%, 생애 첫집 90%까지",https://www.seoul2030.com/18/?q=YToxOntzOjEyOiJrZXl3b3JkX3R5cGUiO3M6MzoiYWxsIjt9&bmode=view&idx=11335135&t=board,https://cdn.imweb.me/upload/S20220415d5c33043bf3ef/a3f82de04978f.jpg,https://youtube.com/shorts/U6ktXX9_MQk
우리 서울의,주택,,다주택 종부세 과세기준 상향 (공시가 11억원),,https://www.seoul2030.com/18/?q=YToxOntzOjEyOiJrZXl3b3JkX3R5cGUiO3M6MzoiYWxsIjt9&bmode=view&idx=11335135&t=board,,
우리 서울의,주택,,착한 임대인 보유세 50+% 감면,,https://www.seoul2030.com/18/?q=YToxOntzOjEyOiJrZXl3b3JkX3R5cGUiO3M6MzoiYWxsIjt9&bmode=view&idx=11335135&t=board,,
우리 서울의,주택,,"전세 소득공제 최대 5백만, 공제율 80%",,https://www.seoul2030.com/18/?q=YToxOntzOjEyOiJrZXl3b3JkX3R5cGUiO3M6MzoiYWxsIjt9&bmode=view&idx=11335135&t=board,,
우리 서울의,주택,,"월세 소득공제 공시가 6억, 공제율 15~17%",,https://www.seoul2030.com/18/?q=YToxOntzOjEyOiJrZXl3b3JkX3R5cGUiO3M6MzoiYWxsIjt9&bmode=view&idx=11335135&t=board,,
우리 서울의,주택,,"일시적, 농촌저가주택 포함 2주택자 종부세 중과 배제 ",,https://www.seoul2030.com/18/?q=YToxOntzOjEyOiJrZXl3b3JkX3R5cGUiO3M6MzoiYWxsIjt9&bmode=view&idx=11335135&t=board,,
우리 서울의,주택,,세 부담 상한 최고세율 110%로 조정,,https://www.seoul2030.com/18/?q=YToxOntzOjEyOiJrZXl3b3JkX3R5cGUiO3M6MzoiYWxsIjt9&bmode=view&idx=11335135&t=board,,
우리 서울의,부동산,동작구,신안산선 역세권 공공주택 공급,,https://www.seoul2030.com/56,https://cdn.imweb.me/thumbnail/20220510/0f5fc2d122915.png,
우리 서울의,부동산,서초구,사당역 공공주택 1200호,,https://www.seoul2030.com/58,https://cdn.imweb.me/thumbnail/20220510/cc3942875412f.png,
"나,",소상공인,,"취임즉시 추경 편성, 자영업자 빠른 회복지원",,https://www.seoul2030.com/18/,https://cdn.imweb.me/upload/S20220415d5c33043bf3ef/a42351bfe7c36.jpg,
"나,",소상공인,,소상공인 민생회복,서울사랑상품권 2조원 (기존2배로 확대)<br />부실채권 5조원 소각<br />점포당 5천만원 장기저리대출,https://www.seoul2030.com/18/?q=YToxOntzOjEyOiJrZXl3b3JkX3R5cGUiO3M6MzoiYWxsIjt9&bmode=view&idx=11362624&t=board,https://cdn.imweb.me/upload/S20220415d5c33043bf3ef/dc3a10ea07ba5.jpg,
"나,",소상공인,,소상공인 보상 600만원 일괄지급,,https://www.seoul2030.com/18/?q=YToxOntzOjEyOiJrZXl3b3JkX3R5cGUiO3M6MzoiYWxsIjt9&bmode=view&idx=11362624&t=board,https://cdn.imweb.me/upload/S20220415d5c33043bf3ef/f34a66e2c5d0f.jpg,
"나,",소상공인,,누구나 상가보증 시스템,"연간 최대 1,300만원 임대료 절감<br />최대 3,500만원 생활자금 지원",https://www.seoul2030.com/18/?q=YToxOntzOjEyOiJrZXl3b3JkX3R5cGUiO3M6MzoiYWxsIjt9&bmode=view&idx=11362624&t=board,https://cdn.imweb.me/upload/S20220415d5c33043bf3ef/fce3a3b73a164.jpg,
"나,",소상공인,관악구,신림역 상권 부흥,,https://www.seoul2030.com/57,https://cdn.imweb.me/thumbnail/20220510/1ba04dd87d79d.jpg,
"나,",소상공인,광진구,"군자역, 아차산역 상업지역 확대",,https://www.seoul2030.com/48,https://cdn.imweb.me/thumbnail/20220510/e98dfcc48771d.jpg,
"나,",소상공인,성동구,행당시장과 성수역상점가 특성화시장 육성,,https://www.seoul2030.com/47,https://cdn.imweb.me/thumbnail/20220510/455b8f18bc0c9.jpg,
"나,",소상공인,중구,남대문 시장 재도약,,https://www.seoul2030.com/46,https://cdn.imweb.me/thumbnail/20220510/fa1860a163b40.jpg,
우리 서울의,산업 지구,강남구,코엑스-잠실운동장 일대 국제복합지구 조성,,https://www.seoul2030.com/59,https://cdn.imweb.me/thumbnail/20220510/1077e01fcf450.png,
우리 서울의,산업 지구,강남구,수서역세권 로봇거점지구,,https://www.seoul2030.com/59,https://cdn.imweb.me/thumbnail/20220510/1077e01fcf450.png,
우리 서울의,산업 지구,강동구,중앙보훈병원 활용 의료바이오단지 조성,,https://www.seoul2030.com/61,https://cdn.imweb.me/thumbnail/20220510/2e6738c423b2d.png,
우리 서울의,산업 지구,강서구,김포공항 도시재생혁신지구 개발사업,,https://www.seoul2030.com/51,https://cdn.imweb.me/thumbnail/20220510/26e6c4a423df8.png,
우리 서울의,산업 지구,관악구,관악S밸리 벤처창업지구,,https://www.seoul2030.com/57,https://cdn.imweb.me/thumbnail/20220510/1ba04dd87d79d.jpg,
우리 서울의,산업 지구,마포구,한류 공연관광 콤플렉스 조성(홍대-신촌-한강),,https://www.seoul2030.com/49,https://cdn.imweb.me/thumbnail/20220510/7617a8550dde5.png,
우리 서울의,산업 지구,성동구,첨단 ICT산업 집적지 조성,,https://www.seoul2030.com/47,https://cdn.imweb.me/thumbnail/20220510/455b8f18bc0c9.jpg,
우리 서울의,산업 지구,송파구,코엑스-잠실운동장 일대 국제복합지구 조성,,https://www.seoul2030.com/60,https://cdn.imweb.me/thumbnail/20220510/0b5635425136d.jpg,
우리 서울의,산업 지구,양천구,목동유수지 혁신성장밸리 조성,,https://www.seoul2030.com/52,https://cdn.imweb.me/thumbnail/20220510/4e1e45305113d.jpg,
우리 서울의,산업 지구,종로구,인사동 대학로 문화관광특화지구 조성,,https://www.seoul2030.com/44,https://cdn.imweb.me/thumbnail/20220510/dcf451f24c92a.jpg,
우리 서울의,산업 지구,종로구,지역산업조합지원센터로 도심제조업 활성화,,https://www.seoul2030.com/44,https://cdn.imweb.me/thumbnail/20220510/dcf451f24c92a.jpg,
우리 서울의,산업 지구,중구,인쇄업 보존 및 고도화 위한 허브 조성,,https://www.seoul2030.com/46,https://cdn.imweb.me/thumbnail/20220510/fa1860a163b40.jpg,
우리 서울의,공공시설,강동구,천호공원 지하 주민편의시설 설치,,https://www.seoul2030.com/61,https://cdn.imweb.me/thumbnail/20220510/2e6738c423b2d.png,
우리 서울의,공공시설,강북구,도봉세무서 복합청사 건립,,https://www.seoul2030.com/23,https://cdn.imweb.me/thumbnail/20220510/0b093ffb395f6.png,
우리 서울의,공공시설,강북구,강북 시립어린이전문병원 건립,,https://www.seoul2030.com/23,https://cdn.imweb.me/thumbnail/20220510/0b093ffb395f6.png,
우리 서울의,공공시설,강서구,마곡지구 시민청 건립,,https://www.seoul2030.com/51,https://cdn.imweb.me/thumbnail/20220510/26e6c4a423df8.png,
우리 서울의,공공시설,관악구,보라매병원 호흡기전문센터 설치,,https://www.seoul2030.com/57,https://cdn.imweb.me/thumbnail/20220510/1ba04dd87d79d.jpg,
우리 서울의,공공시설,광진구,광진구 신청사 지하 미디어센터 조성,,https://www.seoul2030.com/48,https://cdn.imweb.me/thumbnail/20220510/e98dfcc48771d.jpg,
우리 서울의,공공시설,구로구,KBS송신소 부지 문화타운 설립,,https://www.seoul2030.com/53,https://cdn.imweb.me/thumbnail/20220510/99cf7970d3326.jpg,
우리 서울의,공공시설,노원구,창동 차량기지 등 활용 서울대병원 건립,,https://www.seoul2030.com/22,https://cdn.imweb.me/thumbnail/20220510/861d9eada227b.png,
우리 서울의,공공시설,노원구,중계연 인근 제2 학생 체육관 건립,,https://www.seoul2030.com/22,https://cdn.imweb.me/thumbnail/20220510/861d9eada227b.png,
우리 서울의,공공시설,동작구,사당동 공공복지 복합청사 건립,,https://www.seoul2030.com/56,https://cdn.imweb.me/thumbnail/20220510/0f5fc2d122915.png,
우리 서울의,공공시설,동작구,기상천 이전 후 도서관 등 활용 적극 검토,,https://www.seoul2030.com/56,https://cdn.imweb.me/thumbnail/20220510/0f5fc2d122915.png,
우리 서울의,공공시설,서초구,사당역 복합환승센터 조속 건립,,https://www.seoul2030.com/58,https://cdn.imweb.me/thumbnail/20220510/cc3942875412f.png,
우리 서울의,공공시설,서초구,남부/강남고속버스터미널 현대화,,https://www.seoul2030.com/58,https://cdn.imweb.me/thumbnail/20220510/cc3942875412f.png,
우리 서울의,공공시설,성동구,옥수 한강변 휴식공간 및 보행로 조성,,https://www.seoul2030.com/47,https://cdn.imweb.me/thumbnail/20220510/455b8f18bc0c9.jpg,
우리 서울의,공공시설,성북구,동대문세무서 부지 복합체육문화센터 건립,,https://www.seoul2030.com/42,https://cdn.imweb.me/thumbnail/20220510/62915f73d6e8b.jpg,
우리 서울의,공공시설,성북구,길음뉴타운 내 복합문화센터 건립,,https://www.seoul2030.com/42,https://cdn.imweb.me/thumbnail/20220510/62915f73d6e8b.jpg,
우리 서울의,공공시설,송파구,옛 성동구치소 부지 문화체육복합시설 건립,,https://www.seoul2030.com/60,https://cdn.imweb.me/thumbnail/20220510/0b5635425136d.jpg,
우리 서울의,공공시설,중구,중구청 자리에 서울메이커스파크 건립,,https://www.seoul2030.com/46,https://cdn.imweb.me/thumbnail/20220510/fa1860a163b40.jpg,
우리 서울의,공공시설,중랑구,구 중랑경찰서 부지활용 문화복지복합센터,,https://www.seoul2030.com/40,https://cdn.imweb.me/thumbnail/20220510/9193438e2fee8.jpg,
우리 서울의,공원,강남구,한강-탄천 재탄생,,https://www.seoul2030.com/59,https://cdn.imweb.me/thumbnail/20220510/1077e01fcf450.png,
우리 서울의,공원,동작구,동작주차공원 개발,,https://www.seoul2030.com/56,https://cdn.imweb.me/thumbnail/20220510/0f5fc2d122915.png,
우리 서울의,문화시설,강남구,수서역세권 복합문화시설 조성,,https://www.seoul2030.com/59,https://cdn.imweb.me/thumbnail/20220510/1077e01fcf450.png,
우리 서울의,문화시설,강동구,성내2동 복합문화체육시설 설치,,https://www.seoul2030.com/61,https://cdn.imweb.me/thumbnail/20220510/2e6738c423b2d.png,
우리 서울의,문화시설,강동구,구립 해공체육관 재건축,,https://www.seoul2030.com/61,https://cdn.imweb.me/thumbnail/20220510/2e6738c423b2d.png,
우리 서울의,문화시설,강서구,서울시립도서관 강서분관 건립,,https://www.seoul2030.com/51,https://cdn.imweb.me/thumbnail/20220510/26e6c4a423df8.png,
우리 서울의,문화시설,광진구,뚝섬자벌레 K-컬쳐 체험공간화,,https://www.seoul2030.com/48,https://cdn.imweb.me/thumbnail/20220510/e98dfcc48771d.jpg,
우리 서울의,문화시설,광진구,아차산 유적전시관 조속 건립,,https://www.seoul2030.com/48,https://cdn.imweb.me/thumbnail/20220510/e98dfcc48771d.jpg,
우리 서울의,문화시설,도봉구,창동 K-Pop 전용 서울아레나 건립,,https://www.seoul2030.com/21,https://cdn.imweb.me/thumbnail/20220510/91d753322e38d.png,
우리 서울의,문화시설,성북구,월곡 복합문화체육시설 건립,,https://www.seoul2030.com/42,https://cdn.imweb.me/thumbnail/20220510/62915f73d6e8b.jpg,
우리 서울의,문화시설,성북구,"성북 문화예술회관 건립 (장위동, 석관동)",,https://www.seoul2030.com/42,https://cdn.imweb.me/thumbnail/20220510/62915f73d6e8b.jpg,
우리 서울의,문화시설,영등포구,E-스포츠 전용경기장 건립,,https://www.seoul2030.com/54,https://cdn.imweb.me/thumbnail/20220510/f355d273ee367.jpg,
우리 서울의,문화시설,영등포구,선유도공원 자연친화형 패밀리 테마파크 조성,,https://www.seoul2030.com/54,https://cdn.imweb.me/thumbnail/20220510/f355d273ee367.jpg,
우리 서울의,문화시설,중랑구,면목유수지 문화체육복합센터 건립,,https://www.seoul2030.com/40,https://cdn.imweb.me/thumbnail/20220510/9193438e2fee8.jpg,
우리 서울의,환경,강서구,방화 건설폐기물처리장 이전,,https://www.seoul2030.com/51,https://cdn.imweb.me/thumbnail/20220510/26e6c4a423df8.png,
우리 서울의,환경,관악구,봉천천 생태하천 복원 및 산책로 조성,,https://www.seoul2030.com/57,https://cdn.imweb.me/thumbnail/20220510/1ba04dd87d79d.jpg,
우리 서울의,환경,구로구,안영천 명소화 및 고도화,,https://www.seoul2030.com/53,https://cdn.imweb.me/thumbnail/20220510/99cf7970d3326.jpg,
우리 서울의,환경,노원구,당현천 상류구간 생태하천 복원,,https://www.seoul2030.com/22,https://cdn.imweb.me/thumbnail/20220510/861d9eada227b.png,
우리 서울의,환경,동작구,흑석동 한강 생태공원 조성,,https://www.seoul2030.com/56,https://cdn.imweb.me/thumbnail/20220510/0f5fc2d122915.png,
우리 서울의,환경,송파구,성내천 상류구간 생태하천 복원,,https://www.seoul2030.com/60,https://cdn.imweb.me/thumbnail/20220510/0b5635425136d.jpg,
우리 서울의,환경,양천구,공항소음 피해지역 주민지원 확대,,https://www.seoul2030.com/52,https://cdn.imweb.me/thumbnail/20220510/4e1e45305113d.jpg,
우리 서울의,환경,영등포구,대방천 생태하천 복원,,https://www.seoul2030.com/54,https://cdn.imweb.me/thumbnail/20220510/f355d273ee367.jpg,
우리 서울의,환경,중랑구,"중랑둘레길, 용마폭포공원까지 연장",,https://www.seoul2030.com/40,https://cdn.imweb.me/thumbnail/20220510/9193438e2fee8.jpg,
우리 서울의,교육,강북구,화계초등학교 첨단교육 환경개선,,https://www.seoul2030.com/23,https://cdn.imweb.me/thumbnail/20220510/0b093ffb395f6.png,
우리 서울의,교육,송파구,한국예술종합학교 통합캠퍼스 송파구 이전검토,,https://www.seoul2030.com/60,https://cdn.imweb.me/thumbnail/20220510/0b5635425136d.jpg,
우리 서울의,교육,은평구,서울시립대 은평캠퍼스 조성,,https://www.seoul2030.com/43,https://cdn.imweb.me/thumbnail/20220510/6c13b7fe72ef6.jpg,
우리 서울의,교육,은평구,녹번응암 지역내 중학교 건립,,https://www.seoul2030.com/43,https://cdn.imweb.me/thumbnail/20220510/6c13b7fe72ef6.jpg,
나의,노동,,4+1 재택연계형 주4일제,일주일에 하루는 재택･원격근무,https://www.seoul2030.com/18/?q=YToxOntzOjEyOiJrZXl3b3JkX3R5cGUiO3M6MzoiYWxsIjt9&bmode=view&idx=11330145&t=board,https://cdn.imweb.me/upload/S20220415d5c33043bf3ef/503da80cf65b2.jpg,
우리 서울의,청년,강동구,변전소 이전 후 청년주거단지 조성,,https://www.seoul2030.com/61,https://cdn.imweb.me/thumbnail/20220510/2e6738c423b2d.png,
서울의,어르신,,"어르신, 장애인 마을버스 무료",,https://www.seoul2030.com/18/?q=YToxOntzOjEyOiJrZXl3b3JkX3R5cGUiO3M6MzoiYWxsIjt9&bmode=view&idx=11344707&t=board,https://cdn.imweb.me/upload/S20220415d5c33043bf3ef/4954e05b5af18.jpg,